sample_id,phenotype
5f00a2f1-6d15-49d1-94ea-16c7988ab1eb.rna_seq.augmented_star_gene_counts,TCGA-ESCA
9d100cbc-7753-4313-adf7-1f602c93af65.rna_seq.augmented_star_gene_counts,TCGA-ESCA
2d1594be-b9e1-4a71-b1b2-e7e93201ecd1.rna_seq.augmented_star_gene_counts,TCGA-ESCA
9a569eaa-3147-493e-9fe4-134e5a263182.rna_seq.augmented_star_gene_counts,TCGA-ESCA
22211efe-085f-4690-ada1-95e4c5728823.rna_seq.augmented_star_gene_counts,TCGA-ESCA
f52c71d5-e3c8-405c-9584-85409d2e5e35.rna_seq.augmented_star_gene_counts,TCGA-ESCA
52c2c5f4-4395-4764-bf22-9fa84bf2f5c2.rna_seq.augmented_star_gene_counts,TCGA-ESCA
40ac3474-e908-43db-861b-98e9bfb61739.rna_seq.augmented_star_gene_counts,TCGA-ESCA
7c08daa7-ed9e-4463-bb19-ec12d6458002.rna_seq.augmented_star_gene_counts,TCGA-ESCA
efee1a58-1e28-43d2-92bf-37f8b9107312.rna_seq.augmented_star_gene_counts,TCGA-ESCA
32ecdc0f-80bb-47e9-bf3c-2bc90a2f5ecd.rna_seq.augmented_star_gene_counts,TCGA-ESCA
e01234d0-dff1-410e-866b-54a732bc20cc.rna_seq.augmented_star_gene_counts,TCGA-ESCA
a45377db-0007-46e5-8cf2-752100932af8.rna_seq.augmented_star_gene_counts,TCGA-ESCA
e908bb4d-32b1-4d82-b761-40b9d3711cf5.rna_seq.augmented_star_gene_counts,TCGA-ESCA
d62f7376-c86d-4b38-9bdd-67f3c704fa44.rna_seq.augmented_star_gene_counts,TCGA-ESCA
97de8ec9-48f6-451e-b466-60a0a7aad4d7.rna_seq.augmented_star_gene_counts,TCGA-ESCA
b9d0b10e-59d7-4e06-a3e4-c29ed9d681d6.rna_seq.augmented_star_gene_counts,TCGA-ESCA
d7601fe4-c59e-438a-a5f4-06e49fbb36d1.rna_seq.augmented_star_gene_counts,TCGA-ESCA
8284c4f4-42f4-4975-80c6-3462ae50b7c7.rna_seq.augmented_star_gene_counts,TCGA-ESCA
0910707b-5702-4cdb-99bc-910eebf3e5b3.rna_seq.augmented_star_gene_counts,TCGA-ESCA
56de2fb9-865f-4cab-adda-9d4d824cce34.rna_seq.augmented_star_gene_counts,TCGA-ESCA
335f9f0b-1515-4401-85ed-07a64afd9ab6.rna_seq.augmented_star_gene_counts,TCGA-ESCA
eae91070-e936-467a-9812-42c91d0f4f39.rna_seq.augmented_star_gene_counts,TCGA-ESCA
4225ab63-bd56-4dab-a227-7329fc38c6c1.rna_seq.augmented_star_gene_counts,TCGA-ESCA
7c8709e7-2a0d-4c70-b8b5-86672a2204a0.rna_seq.augmented_star_gene_counts,TCGA-ESCA
90fc08c1-c6d3-43c4-83c6-172ea4d462d0.rna_seq.augmented_star_gene_counts,TCGA-ESCA
3f7c3e7d-6743-4895-8c3e-c741e78c0e50.rna_seq.augmented_star_gene_counts,TCGA-ESCA
2ca5a1ab-9d4d-4d4d-b4c3-c52a38f7fb7c.rna_seq.augmented_star_gene_counts,TCGA-ESCA
21f58f56-41c0-4947-b2c2-1c241ccc7de8.rna_seq.augmented_star_gene_counts,TCGA-ESCA
f82c185d-1e28-4380-8c4c-529d45c4f1c2.rna_seq.augmented_star_gene_counts,TCGA-ESCA
17a8247a-3961-4431-9ff6-f98b42897b7b.rna_seq.augmented_star_gene_counts,TCGA-ESCA
8d3bccb9-52df-4353-ad50-bea02fbd25a7.rna_seq.augmented_star_gene_counts,TCGA-ESCA
2aa19394-a3c5-4c0b-9529-6d655bf7eeb3.rna_seq.augmented_star_gene_counts,TCGA-ESCA
59013513-c288-4f2f-b1d6-65d6c5319336.rna_seq.augmented_star_gene_counts,TCGA-ESCA
1e7f53b5-ba83-4f7e-913c-d270f798ff8f.rna_seq.augmented_star_gene_counts,TCGA-ESCA
12ba2852-4fdb-419e-b3af-5588b0c544b6.rna_seq.augmented_star_gene_counts,TCGA-ESCA
a7bacbd2-d9c5-4264-b03c-c22f0f1c900a.rna_seq.augmented_star_gene_counts,TCGA-ESCA
06dee8cd-d663-4fa0-950d-d128887a3af5.rna_seq.augmented_star_gene_counts,TCGA-ESCA
d2f925d8-c31f-4041-9824-5a2ef22985b7.rna_seq.augmented_star_gene_counts,TCGA-ESCA
25961c5e-75a1-4f22-b3b8-6f373dad4d98.rna_seq.augmented_star_gene_counts,TCGA-ESCA
b549ffcf-0704-42e6-9898-0469c8e9863e.rna_seq.augmented_star_gene_counts,TCGA-ESCA
6c975753-106b-45bb-bf7d-146740004db1.rna_seq.augmented_star_gene_counts,TCGA-ESCA
b37b6802-6e4f-4980-8fef-2f8171298648.rna_seq.augmented_star_gene_counts,TCGA-ESCA
50c2b1d6-58a9-4385-bb7a-09856fcda21d.rna_seq.augmented_star_gene_counts,TCGA-ESCA
d32a6a6d-d52b-417b-8cf9-39c06f9ab96a.rna_seq.augmented_star_gene_counts,TCGA-ESCA
8f3c7958-ed71-4cfb-9c77-ba61569b8edd.rna_seq.augmented_star_gene_counts,TCGA-ESCA
55eec846-70c3-43f3-8d7c-6cf53837ea1f.rna_seq.augmented_star_gene_counts,TCGA-ESCA
94c32362-8660-4ed5-b29f-79be2de43c65.rna_seq.augmented_star_gene_counts,TCGA-ESCA
293f70da-e676-4781-beb6-6c6c31ee170d.rna_seq.augmented_star_gene_counts,TCGA-ESCA
27fe2b17-4ffe-4643-b971-2a711a75a1b4.rna_seq.augmented_star_gene_counts,TCGA-ESCA
023b5710-65a2-4990-a708-3f375df39241.rna_seq.augmented_star_gene_counts,TCGA-ESCA
60914bc8-62f9-4d58-8ada-e18077dbf07f.rna_seq.augmented_star_gene_counts,TCGA-ESCA
b1fcc58c-db5f-4bd2-987f-58c3b91623f1.rna_seq.augmented_star_gene_counts,TCGA-ESCA
0dac1928-1526-4817-a94d-570863552f20.rna_seq.augmented_star_gene_counts,TCGA-ESCA
19abecb9-ff64-403d-8f55-d218ed3c5bac.rna_seq.augmented_star_gene_counts,TCGA-ESCA
61d3e2ef-4859-41ea-ab91-415482440bf7.rna_seq.augmented_star_gene_counts,TCGA-ESCA
85e5cb36-151c-4b8f-8f65-e8362a10bfb5.rna_seq.augmented_star_gene_counts,TCGA-ESCA
fe1c21a3-bac4-4810-bc47-75563c64410a.rna_seq.augmented_star_gene_counts,TCGA-ESCA
e0cfa19e-34b9-4117-af18-e0f6bb3469db.rna_seq.augmented_star_gene_counts,TCGA-ESCA
0934e9a4-f103-43e5-9998-49a8a01ac274.rna_seq.augmented_star_gene_counts,TCGA-ESCA
2ce8f6d3-0708-4d5e-a32c-72fad8382488.rna_seq.augmented_star_gene_counts,TCGA-ESCA
fb77f748-44e8-4065-97c1-f3dd1485f3eb.rna_seq.augmented_star_gene_counts,TCGA-ESCA
190f26c2-99c5-4a26-8206-de736366fc0d.rna_seq.augmented_star_gene_counts,TCGA-ESCA
9eaa82ff-181f-4670-8afb-f52c1a016f4c.rna_seq.augmented_star_gene_counts,TCGA-ESCA
68715aea-08dc-4f8a-b36a-202af2e73597.rna_seq.augmented_star_gene_counts,TCGA-ESCA
c39123ba-a337-44f3-9a35-8be6098de781.rna_seq.augmented_star_gene_counts,TCGA-ESCA
92c7eb49-0194-43bb-a223-f54cc0417d87.rna_seq.augmented_star_gene_counts,TCGA-ESCA
3ee213e3-a720-420d-9e59-2bebdf8cb379.rna_seq.augmented_star_gene_counts,TCGA-ESCA
ebab691f-e77d-4ded-9302-0d29998be570.rna_seq.augmented_star_gene_counts,TCGA-ESCA
cc1bf687-9f58-4f6a-b370-73a859e9750e.rna_seq.augmented_star_gene_counts,TCGA-ESCA
871c8a6d-f3be-4adb-a7f8-56a66f89248b.rna_seq.augmented_star_gene_counts,TCGA-ESCA
375b4ed5-8e57-4e62-8568-adcb0668cf20.rna_seq.augmented_star_gene_counts,TCGA-ESCA
acc2d494-2543-4bb5-9d4a-f656a913e6b0.rna_seq.augmented_star_gene_counts,TCGA-ESCA
20f5e7d5-0faf-47f6-9e7c-ecef50a58288.rna_seq.augmented_star_gene_counts,TCGA-ESCA
05b944b7-1530-45ca-9207-b93ac3db096f.rna_seq.augmented_star_gene_counts,TCGA-ESCA
351fc89c-5bc6-4ae3-bfb6-e6271a02b918.rna_seq.augmented_star_gene_counts,TCGA-ESCA
2e7df52e-0479-47f9-9b6b-a83a5f885db4.rna_seq.augmented_star_gene_counts,TCGA-ESCA
50d5cc4c-7c66-4798-bd51-421889a5e5b4.rna_seq.augmented_star_gene_counts,TCGA-ESCA
38f83a4f-c17e-4b31-8da8-38500f9a06ff.rna_seq.augmented_star_gene_counts,TCGA-ESCA
12e4a3f8-3b32-4bd2-b86f-0158a2df787e.rna_seq.augmented_star_gene_counts,TCGA-ESCA
65db7f55-3b15-43c0-b4ca-a9bd7e8c9c89.rna_seq.augmented_star_gene_counts,TCGA-ESCA
13b7031d-ac51-4ad8-b1f7-398647770de0.rna_seq.augmented_star_gene_counts,TCGA-ESCA
93d85034-6192-4ee1-a0ec-8126e8c049a4.rna_seq.augmented_star_gene_counts,TCGA-ESCA
89986d81-6b30-4b55-8c99-56f09d1785e8.rna_seq.augmented_star_gene_counts,TCGA-ESCA
4e88e897-d68d-4ff4-9044-65780e0a8adb.rna_seq.augmented_star_gene_counts,TCGA-ESCA
827a23f5-9ff0-4268-b210-d3bb86ab67e8.rna_seq.augmented_star_gene_counts,TCGA-ESCA
d6b62325-cdb5-468f-8af2-83c14e6083dc.rna_seq.augmented_star_gene_counts,TCGA-ESCA
41438263-115b-4301-8151-d1f8241533cf.rna_seq.augmented_star_gene_counts,TCGA-ESCA
180453c7-8c3a-4e29-a5cf-a70e30c24b29.rna_seq.augmented_star_gene_counts,TCGA-ESCA
570385a8-f125-4b93-9c3c-d54c2ce8cd5c.rna_seq.augmented_star_gene_counts,TCGA-ESCA
de4f9407-b1e1-4377-a106-a7cc3a1cbd95.rna_seq.augmented_star_gene_counts,TCGA-ESCA
99da3fe2-07a3-4a79-9313-58252b6c387b.rna_seq.augmented_star_gene_counts,TCGA-ESCA
c5732776-7b98-4a56-9fda-2c527f87b7d9.rna_seq.augmented_star_gene_counts,TCGA-ESCA
a3e18366-19fa-4d0a-96e8-f15af6393a87.rna_seq.augmented_star_gene_counts,TCGA-ESCA
bdb3ba48-401d-4b25-a15d-9a1558ebb3b1.rna_seq.augmented_star_gene_counts,TCGA-ESCA
ec2364b9-8be2-43e5-b8b2-5ec0035ac08a.rna_seq.augmented_star_gene_counts,TCGA-ESCA
43e603ff-ae23-4641-9e44-5c21b1b764a9.rna_seq.augmented_star_gene_counts,TCGA-ESCA
da658a99-8972-473e-9754-9712be0b1b25.rna_seq.augmented_star_gene_counts,TCGA-ESCA
90fb23a5-aed8-40a7-9a5f-4c891ffff47a.rna_seq.augmented_star_gene_counts,TCGA-ESCA
e6c71ba0-950c-4748-b71e-2fd4e83bf45d.rna_seq.augmented_star_gene_counts,TCGA-ESCA
95110eb1-5594-43cf-8163-faf1eda29dfa.rna_seq.augmented_star_gene_counts,TCGA-ESCA
936cc4c8-5a1c-40e8-8851-7232a4db3609.rna_seq.augmented_star_gene_counts,TCGA-ESCA
4fc22b47-3583-433a-abd3-73c10f555529.rna_seq.augmented_star_gene_counts,TCGA-ESCA
98165f73-0bbe-4b8d-89d5-0a6725515458.rna_seq.augmented_star_gene_counts,TCGA-ESCA
8bbfc2d2-fb90-4a61-8a15-9987710bd7b4.rna_seq.augmented_star_gene_counts,TCGA-ESCA
dc695d73-6453-4081-8b58-c5fbf99a220a.rna_seq.augmented_star_gene_counts,TCGA-ESCA
36743aca-e9b2-4c02-abcc-79ee4721b98f.rna_seq.augmented_star_gene_counts,TCGA-ESCA
734d8e32-212a-4acc-b11e-1d8407938fc6.rna_seq.augmented_star_gene_counts,TCGA-ESCA
053aaba8-5c15-4a69-ba86-998202722bc7.rna_seq.augmented_star_gene_counts,TCGA-ESCA
2f7698fb-8837-4ad2-ae5d-b1a224c2953f.rna_seq.augmented_star_gene_counts,TCGA-ESCA
1cee901c-24b2-4de9-8387-656a54c9a7cc.rna_seq.augmented_star_gene_counts,TCGA-ESCA
05fd9d51-e5ed-4a73-8537-e47616c4cf2d.rna_seq.augmented_star_gene_counts,TCGA-ESCA
14549c16-f9e4-4a27-baec-860fdb1c37e6.rna_seq.augmented_star_gene_counts,TCGA-ESCA
b4c02356-a863-4dd4-a4d4-3a4a857c75a5.rna_seq.augmented_star_gene_counts,TCGA-ESCA
1869b5e4-ce54-408a-b586-756081cf17b1.rna_seq.augmented_star_gene_counts,TCGA-ESCA
32ac2b37-8236-4738-a265-623d4c7932ad.rna_seq.augmented_star_gene_counts,TCGA-ESCA
98bdae86-8900-40eb-a698-86aae463fe01.rna_seq.augmented_star_gene_counts,TCGA-ESCA
963f26fd-8229-4223-bc2f-890a1e857c70.rna_seq.augmented_star_gene_counts,TCGA-ESCA
4757a790-db4b-4567-8bae-e141e61eb3b4.rna_seq.augmented_star_gene_counts,TCGA-ESCA
a1607bf6-fa5a-4a3e-9fe3-6550c7aec23f.rna_seq.augmented_star_gene_counts,TCGA-ESCA
cf39d772-dc32-4888-a126-0bed46ddd327.rna_seq.augmented_star_gene_counts,TCGA-ESCA
00d30246-7d61-46e0-a31f-c94b77be4b27.rna_seq.augmented_star_gene_counts,TCGA-ESCA
f91bf6e3-126e-43d8-b38b-bbb76f9ac327.rna_seq.augmented_star_gene_counts,TCGA-ESCA
2a0ef4c7-4177-40be-a750-10738cea5880.rna_seq.augmented_star_gene_counts,TCGA-ESCA
2ed3130c-8d5c-4e02-b82f-c9902759e10e.rna_seq.augmented_star_gene_counts,TCGA-ESCA
48769708-4d71-4167-8e6b-66ef4c0f61f5.rna_seq.augmented_star_gene_counts,TCGA-ESCA
741d7905-12a4-4c7a-bee5-bcf26bafc401.rna_seq.augmented_star_gene_counts,TCGA-ESCA
d49dc3a0-343d-4e0c-8c02-a909f87ad2b3.rna_seq.augmented_star_gene_counts,TCGA-ESCA
807b20b4-917d-4c6b-9389-9083264ffe76.rna_seq.augmented_star_gene_counts,TCGA-ESCA
6513899d-6850-4a95-895b-6f818265ad86.rna_seq.augmented_star_gene_counts,TCGA-ESCA
c7bdb3a4-705d-4cfa-aa23-33eae33cf1aa.rna_seq.augmented_star_gene_counts,TCGA-ESCA
7ba292f3-160c-43d1-b8f7-c61579ae2234.rna_seq.augmented_star_gene_counts,TCGA-ESCA
628436c9-ba2e-4311-bce6-dd0696138916.rna_seq.augmented_star_gene_counts,TCGA-ESCA
db56a719-55ba-4790-b8c3-c984f09fa0dc.rna_seq.augmented_star_gene_counts,TCGA-ESCA
646862c0-0edc-4e29-ac86-7744588d9c88.rna_seq.augmented_star_gene_counts,TCGA-ESCA
91ef3807-6f15-403e-9386-b504aad0550c.rna_seq.augmented_star_gene_counts,TCGA-ESCA
57395707-26c6-4dfc-9948-18409156a9b6.rna_seq.augmented_star_gene_counts,TCGA-ESCA
7acc9b1d-892d-4f39-981d-ea4868bf359c.rna_seq.augmented_star_gene_counts,TCGA-ESCA
6084ded9-a555-4496-80bd-fdfc31b74eb9.rna_seq.augmented_star_gene_counts,TCGA-ESCA
c3c92a18-9d9a-4cb1-b7f3-da3a0f7f54b3.rna_seq.augmented_star_gene_counts,TCGA-ESCA
c4bd1347-a5fe-4a06-aee9-2f76a50b437b.rna_seq.augmented_star_gene_counts,TCGA-ESCA
26fa5ce0-5391-408d-8476-afef3aa78ae7.rna_seq.augmented_star_gene_counts,TCGA-ESCA
a6046186-898e-4112-b526-876c560f5587.rna_seq.augmented_star_gene_counts,TCGA-ESCA
84c4e22f-04ad-416d-ab19-f751ce65aeb2.rna_seq.augmented_star_gene_counts,TCGA-ESCA
5d5d9015-df4c-47d0-a640-528bd44afdd0.rna_seq.augmented_star_gene_counts,TCGA-ESCA
7f3d8bd6-1ac6-4990-8f3f-48f57a324f22.rna_seq.augmented_star_gene_counts,TCGA-ESCA
560872d6-0762-4c2c-9d31-e82f45762dcc.rna_seq.augmented_star_gene_counts,TCGA-ESCA
e9bb2ce9-a4d6-4b6b-81da-bc7d86b94a72.rna_seq.augmented_star_gene_counts,TCGA-ESCA
393ce0d1-32c4-40cd-b73c-910300e77279.rna_seq.augmented_star_gene_counts,TCGA-ESCA
e4eaa3f8-d194-47a0-a7db-4bd04669bacd.rna_seq.augmented_star_gene_counts,TCGA-ESCA
14218190-4c0c-4060-879c-8c1b706af9ea.rna_seq.augmented_star_gene_counts,TCGA-ESCA
eec21f58-5581-4eb9-8b8e-f839ae145494.rna_seq.augmented_star_gene_counts,TCGA-ESCA
9314fee1-2ed6-4b64-b0e0-267741e522b3.rna_seq.augmented_star_gene_counts,TCGA-ESCA
fc9b1fc1-ef0f-487e-ad9c-44595c06ed5d.rna_seq.augmented_star_gene_counts,TCGA-ESCA
b336cc83-83ac-40da-b22c-81963a87b0e5.rna_seq.augmented_star_gene_counts,TCGA-ESCA
64df1bc7-3ee7-4b4f-a161-a8d6b59cd0d0.rna_seq.augmented_star_gene_counts,TCGA-ESCA
cc0ff688-87e4-422c-b105-ea2e58b0e024.rna_seq.augmented_star_gene_counts,TCGA-ESCA
cb8f09d2-20e2-4236-9bc8-45bf4c019ab2.rna_seq.augmented_star_gene_counts,TCGA-ESCA
5a4deecf-7656-4407-b6eb-f04928f978f5.rna_seq.augmented_star_gene_counts,TCGA-ESCA
d67d5a55-0be2-4213-8012-33e714148201.rna_seq.augmented_star_gene_counts,TCGA-ESCA
0ccf8045-c451-4d68-9441-3fe06df8fc75.rna_seq.augmented_star_gene_counts,TCGA-ESCA
800304d2-9548-4ec5-af83-8fe430d45887.rna_seq.augmented_star_gene_counts,TCGA-ESCA
8eafa83c-c008-4618-a7c2-b5f9394a16aa.rna_seq.augmented_star_gene_counts,TCGA-ESCA
2655e658-a563-43f6-bc4e-02f57c51fd2b.rna_seq.augmented_star_gene_counts,TCGA-ESCA
349a5389-f701-4daa-8596-d90260b29b52.rna_seq.augmented_star_gene_counts,TCGA-ESCA
43df530c-a518-456c-8840-d3dfd111fe56.rna_seq.augmented_star_gene_counts,TCGA-ESCA
3bda7663-7e41-46cd-b99d-c3338baa3403.rna_seq.augmented_star_gene_counts,TCGA-ESCA
5acb13f5-bf70-4a8f-81d6-cd8e13565af7.rna_seq.augmented_star_gene_counts,TCGA-ESCA
2f8e442b-be05-4f48-9869-aac284ad646c.rna_seq.augmented_star_gene_counts,TCGA-ESCA
625933e1-f9c9-43d9-8335-9de0c7ecb367.rna_seq.augmented_star_gene_counts,TCGA-ESCA
1a383b03-cd12-419c-9deb-eca975a88fe3.rna_seq.augmented_star_gene_counts,TCGA-ESCA
1bc7cd63-5c9c-4570-b6fe-cb5258ee3d3c.rna_seq.augmented_star_gene_counts,TCGA-ESCA
c36e77d2-e756-4486-af59-3637dcf3dadb.rna_seq.augmented_star_gene_counts,TCGA-ESCA
0ceb8deb-4db3-46a9-87e9-f1841c4daac3.rna_seq.augmented_star_gene_counts,TCGA-ESCA
e7e12387-17b2-4b0a-b5a0-12b00c2902fb.rna_seq.augmented_star_gene_counts,TCGA-ESCA
0166b2df-b4a1-4498-a85c-7092a0ccb25d.rna_seq.augmented_star_gene_counts,TCGA-ESCA
c2778824-ed4f-455c-ba90-b9b082248944.rna_seq.augmented_star_gene_counts,TCGA-ESCA
dc4f102f-581c-499f-9f06-d502eef3b6be.rna_seq.augmented_star_gene_counts,TCGA-ESCA
dac8b069-dde5-43c2-aef2-827d5bd1a2a0.rna_seq.augmented_star_gene_counts,TCGA-ESCA
301dae0c-cd64-4ede-976c-f2c581a944e7.rna_seq.augmented_star_gene_counts,TCGA-ESCA
2b299bc2-41b1-4919-b533-ae1cf089271c.rna_seq.augmented_star_gene_counts,TCGA-ESCA
708cd0e0-63bd-4728-b348-ee25ebfa98be.rna_seq.augmented_star_gene_counts,TCGA-ESCA
1ae96df8-a767-4ffb-bb3e-e06298de648f.rna_seq.augmented_star_gene_counts,TCGA-ESCA
523c76c5-ac4d-4a69-88b8-0857af45de7b.rna_seq.augmented_star_gene_counts,TCGA-ESCA
39410838-0fab-4e40-8a19-c272dd11788b.rna_seq.augmented_star_gene_counts,TCGA-PCPG
93f73249-205b-4253-9725-d814a76b9508.rna_seq.augmented_star_gene_counts,TCGA-PCPG
979a25d0-1a6a-4ebe-b01a-5f6eb7ade104.rna_seq.augmented_star_gene_counts,TCGA-PCPG
8919cfd0-6cd6-423f-9231-486261175d87.rna_seq.augmented_star_gene_counts,TCGA-PCPG
aa8073ad-287b-4d41-b120-94712d317358.rna_seq.augmented_star_gene_counts,TCGA-PCPG
e9cbef83-5ace-40f9-9234-65b606667db9.rna_seq.augmented_star_gene_counts,TCGA-PCPG
14b5d1a4-223f-4416-aa04-f944967fd353.rna_seq.augmented_star_gene_counts,TCGA-PCPG
fee4d990-769a-42b1-9184-57c66cac8bb1.rna_seq.augmented_star_gene_counts,TCGA-PCPG
5f3ba13e-578e-4319-8f55-150fcd19b977.rna_seq.augmented_star_gene_counts,TCGA-PCPG
0851c935-a6cd-4518-b43e-4f7bc67ced95.rna_seq.augmented_star_gene_counts,TCGA-PCPG
98687bec-f073-44a9-9f1a-f30ea907613e.rna_seq.augmented_star_gene_counts,TCGA-PCPG
d01b6084-69fa-4540-b4bc-c79af7cd55b4.rna_seq.augmented_star_gene_counts,TCGA-PCPG
315477ef-0f3e-417e-b3d9-e218b20e86b5.rna_seq.augmented_star_gene_counts,TCGA-PCPG
9f7dff07-22ee-4eaf-8f1f-1c6e3350ca2c.rna_seq.augmented_star_gene_counts,TCGA-PCPG
9d786835-ad76-4269-93d7-eb2e60af2cbd.rna_seq.augmented_star_gene_counts,TCGA-PCPG
d6009300-4cf9-4364-ba40-cf338c4ccb9b.rna_seq.augmented_star_gene_counts,TCGA-PCPG
a300cbc6-15c6-416e-8b31-d07e2500a682.rna_seq.augmented_star_gene_counts,TCGA-PCPG
5e0b30b8-23db-4563-a609-6bd474574406.rna_seq.augmented_star_gene_counts,TCGA-PCPG
4e0574f0-b3b3-46bf-a784-7d22b3254220.rna_seq.augmented_star_gene_counts,TCGA-PCPG
5ae567f2-fcc4-4d38-9583-ce1ed4f6d69b.rna_seq.augmented_star_gene_counts,TCGA-PCPG
8884c999-7aeb-45ec-ba04-ad413900fa31.rna_seq.augmented_star_gene_counts,TCGA-PCPG
837e8ab8-d284-42a2-b4d7-22ed806ef875.rna_seq.augmented_star_gene_counts,TCGA-PCPG
6aafc3bb-3618-49ab-9631-9b26fcd6aaf9.rna_seq.augmented_star_gene_counts,TCGA-PCPG
edd84627-c7a3-4622-abd9-0a34962d995c.rna_seq.augmented_star_gene_counts,TCGA-PCPG
448a647e-ec73-4797-96b9-af6c97125a05.rna_seq.augmented_star_gene_counts,TCGA-PCPG
8ba3458f-f76d-45b1-ae3f-8ccf0ddc3b10.rna_seq.augmented_star_gene_counts,TCGA-PCPG
accfa4a4-3589-4873-84ce-4ba08d265055.rna_seq.augmented_star_gene_counts,TCGA-PCPG
2eb85bf9-e1e0-4695-a8f2-51bbb51c6c3b.rna_seq.augmented_star_gene_counts,TCGA-PCPG
eaa3f280-86b9-46e9-9429-bc775ad93d1c.rna_seq.augmented_star_gene_counts,TCGA-PCPG
32861392-6ec4-4a28-bb93-2cb98d3d1000.rna_seq.augmented_star_gene_counts,TCGA-PCPG
2072ad64-fd9f-4411-b779-6c07f6f88cee.rna_seq.augmented_star_gene_counts,TCGA-PCPG
31da6db7-f88f-48f0-81f9-970e42f046e7.rna_seq.augmented_star_gene_counts,TCGA-PCPG
a81dca2a-1e63-4972-a3e3-7dab8b3ccbdf.rna_seq.augmented_star_gene_counts,TCGA-PCPG
0176f3d4-979e-4364-a703-a26e2b52ed84.rna_seq.augmented_star_gene_counts,TCGA-PCPG
b1133473-b699-4752-8c3b-4922eb2ed0f2.rna_seq.augmented_star_gene_counts,TCGA-PCPG
bb94d3d5-4172-46bd-8117-0bc8dd1dce51.rna_seq.augmented_star_gene_counts,TCGA-PCPG
56497d96-1be9-4fed-871e-e85ded3ccb34.rna_seq.augmented_star_gene_counts,TCGA-PCPG
715c55f5-a70f-460f-8a79-a8193fe32155.rna_seq.augmented_star_gene_counts,TCGA-PCPG
4e605b10-da43-45f0-a43d-27595e2fbd19.rna_seq.augmented_star_gene_counts,TCGA-PCPG
2b21d80b-565f-4e2e-9f0b-4e7e7dcb8601.rna_seq.augmented_star_gene_counts,TCGA-PCPG
f8390665-67f1-4410-8b63-1dafb00090b0.rna_seq.augmented_star_gene_counts,TCGA-PCPG
dfe46aba-baf7-4ebf-aa2d-ed7896606b77.rna_seq.augmented_star_gene_counts,TCGA-PCPG
9724508f-ef70-480a-bb97-10a5adca7ae6.rna_seq.augmented_star_gene_counts,TCGA-PCPG
42659b67-d8ff-4f75-bb04-a92b6c09f540.rna_seq.augmented_star_gene_counts,TCGA-PCPG
2193ce27-a207-463a-a2e0-2d9ceca85c34.rna_seq.augmented_star_gene_counts,TCGA-PCPG
2812f145-086c-4a82-a0bd-aa235329ba19.rna_seq.augmented_star_gene_counts,TCGA-PCPG
8820e970-afa4-467c-9808-292be75d6fec.rna_seq.augmented_star_gene_counts,TCGA-PCPG
1b1c3be6-6e5d-40e4-ad59-b5dab9b5f124.rna_seq.augmented_star_gene_counts,TCGA-PCPG
d543e203-646b-4bd0-bd2d-becfa5eca2e2.rna_seq.augmented_star_gene_counts,TCGA-PCPG
fa8b5854-8f00-43d0-87ed-1b5351d919f2.rna_seq.augmented_star_gene_counts,TCGA-PCPG
6fd16461-b00f-4640-82e6-d5e5be5363f8.rna_seq.augmented_star_gene_counts,TCGA-PCPG
590023a7-c33f-4c31-9ec4-168a2e89f317.rna_seq.augmented_star_gene_counts,TCGA-PCPG
efc0b78e-d05c-4a94-9198-f4b0688a36ae.rna_seq.augmented_star_gene_counts,TCGA-PCPG
cbca5290-4bfe-4147-a1be-fa25b2860469.rna_seq.augmented_star_gene_counts,TCGA-PCPG
6b26ccad-fbf3-4914-ae4f-fddfc832ede0.rna_seq.augmented_star_gene_counts,TCGA-PCPG
bb531911-fe7e-4952-b67d-13530ddf04d4.rna_seq.augmented_star_gene_counts,TCGA-PCPG
de4b47f0-0f18-426b-9256-89ad6ea09c8d.rna_seq.augmented_star_gene_counts,TCGA-PCPG
52d6634d-6f27-4f6c-8305-edd285577d72.rna_seq.augmented_star_gene_counts,TCGA-PCPG
116de408-2eb8-4cfa-aebe-266ea3b960d8.rna_seq.augmented_star_gene_counts,TCGA-PCPG
e78fcbc3-cc4c-49ac-bafe-11a1ff97f43f.rna_seq.augmented_star_gene_counts,TCGA-PCPG
3b3c2b62-e9c1-4b29-9c6f-d50731af6510.rna_seq.augmented_star_gene_counts,TCGA-PCPG
c4fdd057-0d8a-4455-9cd5-15615d19d899.rna_seq.augmented_star_gene_counts,TCGA-PCPG
5e6e3aa3-c6db-4188-a456-323470154405.rna_seq.augmented_star_gene_counts,TCGA-PCPG
a1e4a924-b898-4ebd-9913-57134628fc08.rna_seq.augmented_star_gene_counts,TCGA-PCPG
fb83cea4-b08e-4354-abd5-42f10c752ef2.rna_seq.augmented_star_gene_counts,TCGA-PCPG
2017d394-2812-4dd5-99c6-73066c2d73f5.rna_seq.augmented_star_gene_counts,TCGA-PCPG
47302152-9774-478f-acf2-b4fa19995edb.rna_seq.augmented_star_gene_counts,TCGA-PCPG
b977ab41-bf95-434b-bfdf-57113b00587c.rna_seq.augmented_star_gene_counts,TCGA-PCPG
33af81fb-1348-4e33-92a6-1fc8fd27d745.rna_seq.augmented_star_gene_counts,TCGA-PCPG
9d2571bb-ba2c-4585-a227-7dac48376b34.rna_seq.augmented_star_gene_counts,TCGA-PCPG
08b8812e-a69c-466e-80a5-62c3328cef9f.rna_seq.augmented_star_gene_counts,TCGA-PCPG
9c92277f-7534-4092-ba17-087fcc827450.rna_seq.augmented_star_gene_counts,TCGA-PCPG
0ca315a5-7a65-4fcb-9f95-5eb4fb5a7f0d.rna_seq.augmented_star_gene_counts,TCGA-PCPG
285ea935-928f-401a-a7ed-d7b2a5c39177.rna_seq.augmented_star_gene_counts,TCGA-PCPG
7ac60969-f808-4317-9fea-09ef51743394.rna_seq.augmented_star_gene_counts,TCGA-PCPG
5d1a8c81-17cc-43de-9dca-4df9147212ce.rna_seq.augmented_star_gene_counts,TCGA-PCPG
f6f564c4-a85c-4331-b623-d5784f846ac0.rna_seq.augmented_star_gene_counts,TCGA-PCPG
cf75b845-f53f-4dfc-8209-000ce2d26dc7.rna_seq.augmented_star_gene_counts,TCGA-PCPG
fbcab783-80ab-4996-9d11-ea75e4b0d4ac.rna_seq.augmented_star_gene_counts,TCGA-PCPG
88f9b2ed-dbb8-48f6-b0f4-75a704d31d16.rna_seq.augmented_star_gene_counts,TCGA-PCPG
0e4b1d51-c755-4ee5-8187-4b1aa915af93.rna_seq.augmented_star_gene_counts,TCGA-PCPG
1ee25fd0-15e4-4626-9747-301a0628c4d8.rna_seq.augmented_star_gene_counts,TCGA-PCPG
2c482be5-c066-4d71-83cd-a03373148cd8.rna_seq.augmented_star_gene_counts,TCGA-PCPG
f522bcd8-3907-4055-9482-5aa70980b592.rna_seq.augmented_star_gene_counts,TCGA-PCPG
f5429264-dde0-4406-9ea6-795500303b65.rna_seq.augmented_star_gene_counts,TCGA-PCPG
a41d81d1-e803-47f0-bee6-90f9fd160e99.rna_seq.augmented_star_gene_counts,TCGA-PCPG
47de8813-7c97-4f6b-95c8-9fd54a208cf4.rna_seq.augmented_star_gene_counts,TCGA-PCPG
4cafde74-1776-44de-bea6-14402f6eb68a.rna_seq.augmented_star_gene_counts,TCGA-PCPG
4ff019fe-4463-499a-9aab-bb56e562b323.rna_seq.augmented_star_gene_counts,TCGA-PCPG
8a990f29-68b2-49ba-8cef-95785d843cf6.rna_seq.augmented_star_gene_counts,TCGA-PCPG
bb6b888d-54a5-4b09-9cbb-5cd96d593325.rna_seq.augmented_star_gene_counts,TCGA-PCPG
44744afb-4c2f-4558-98bf-17fc35b90916.rna_seq.augmented_star_gene_counts,TCGA-PCPG
d78d9048-d209-43a2-9f73-420a2ececa5f.rna_seq.augmented_star_gene_counts,TCGA-PCPG
1314d451-6333-4c2a-a414-23aada3bbb2a.rna_seq.augmented_star_gene_counts,TCGA-PCPG
1c339ce3-b514-4238-9e25-37f859d0f103.rna_seq.augmented_star_gene_counts,TCGA-PCPG
efefce3d-649b-4193-aecb-482fb80ce2b5.rna_seq.augmented_star_gene_counts,TCGA-PCPG
30113606-b145-40b3-b439-f71190939e19.rna_seq.augmented_star_gene_counts,TCGA-PCPG
7445a779-17cd-4095-84f9-547464a9ba5d.rna_seq.augmented_star_gene_counts,TCGA-PCPG
907a5cde-0192-47c8-9335-3831625669aa.rna_seq.augmented_star_gene_counts,TCGA-PCPG
86bc8443-802d-4a5d-8116-a011f6566e5e.rna_seq.augmented_star_gene_counts,TCGA-PCPG
58d4a5b1-d97e-4e4d-8f71-eca3d4f530ca.rna_seq.augmented_star_gene_counts,TCGA-PCPG
04a77dbc-eff4-48fb-9e94-9d2ed776cb7f.rna_seq.augmented_star_gene_counts,TCGA-PCPG
de574a75-a1c2-47ce-977f-65553cccef8f.rna_seq.augmented_star_gene_counts,TCGA-PCPG
0a657461-704c-4ec5-99ce-385f77643de8.rna_seq.augmented_star_gene_counts,TCGA-PCPG
9b0bdfb7-209c-472d-9ee4-9eb9ee473371.rna_seq.augmented_star_gene_counts,TCGA-PCPG
375f9c96-462c-4aa8-acc9-238f0e27e952.rna_seq.augmented_star_gene_counts,TCGA-PCPG
84bc342f-c544-47f7-aae4-2ed11daebe3b.rna_seq.augmented_star_gene_counts,TCGA-PCPG
d91f5226-d631-4470-a9f7-ed2db996b612.rna_seq.augmented_star_gene_counts,TCGA-PCPG
a85fda66-bfb2-4798-a3aa-fd3a71202fd9.rna_seq.augmented_star_gene_counts,TCGA-PCPG
37451ea6-6c24-42c1-bc58-5cd9f7f2e949.rna_seq.augmented_star_gene_counts,TCGA-PCPG
ea63cc9f-ba68-4e93-af99-bddc5a449cb8.rna_seq.augmented_star_gene_counts,TCGA-PCPG
3592390d-73d7-459a-b45e-f04b46e07156.rna_seq.augmented_star_gene_counts,TCGA-PCPG
f3a1886b-576a-4bd6-afda-4dd3f925ecd4.rna_seq.augmented_star_gene_counts,TCGA-PCPG
54018960-ecc3-42f8-895d-e1db15a7c071.rna_seq.augmented_star_gene_counts,TCGA-PCPG
258c4ade-305c-4865-9c20-aa5b3c761bee.rna_seq.augmented_star_gene_counts,TCGA-PCPG
5cb154c6-0ebe-49ee-a4cf-66906e3d0f4e.rna_seq.augmented_star_gene_counts,TCGA-PCPG
10857da4-5e41-46f0-93d7-9b12d5f2396d.rna_seq.augmented_star_gene_counts,TCGA-PCPG
9406f2f9-832a-42e7-b5e9-a48924b573b7.rna_seq.augmented_star_gene_counts,TCGA-PCPG
4a634d34-1402-4cce-ae58-7815f15309c5.rna_seq.augmented_star_gene_counts,TCGA-PCPG
819e24a1-55a4-4627-9328-83a5914fc5b1.rna_seq.augmented_star_gene_counts,TCGA-PCPG
61b13db1-acb5-4013-89db-be4060e2e2ca.rna_seq.augmented_star_gene_counts,TCGA-PCPG
b40086a5-e01c-4d41-86c5-46a1c47810ac.rna_seq.augmented_star_gene_counts,TCGA-PCPG
e4f20a4f-9865-43d0-9d07-ccd7e06869b8.rna_seq.augmented_star_gene_counts,TCGA-PCPG
badbd9fd-9c87-42b7-b791-51a8b9dcaf77.rna_seq.augmented_star_gene_counts,TCGA-PCPG
cc36d9b0-106a-49a1-9fe5-a498b1bd1b92.rna_seq.augmented_star_gene_counts,TCGA-PCPG
07fe2240-7fe8-48c7-8406-f27950f47c29.rna_seq.augmented_star_gene_counts,TCGA-PCPG
16e0f753-b395-402a-bb91-0da26b565a81.rna_seq.augmented_star_gene_counts,TCGA-PCPG
e2ae0ec8-6198-4a6f-8a06-197a8ec81384.rna_seq.augmented_star_gene_counts,TCGA-PCPG
9adc5831-58c3-4f60-a696-3181ffe86c06.rna_seq.augmented_star_gene_counts,TCGA-PCPG
7f5b78b2-0a53-4e58-9e0f-ee550e6ef3f9.rna_seq.augmented_star_gene_counts,TCGA-PCPG
828ffd3a-d75b-4d1a-8b39-e43be04fae67.rna_seq.augmented_star_gene_counts,TCGA-PCPG
410ef52b-f6e7-41de-bb8c-4b23d0024b68.rna_seq.augmented_star_gene_counts,TCGA-PCPG
3b6047a2-cdf8-43f2-aefd-e759872ebbed.rna_seq.augmented_star_gene_counts,TCGA-PCPG
6c86d76f-6001-4515-a211-8817295f8b07.rna_seq.augmented_star_gene_counts,TCGA-PCPG
6f198dd9-e04a-46ce-9860-e4f7ea4a756c.rna_seq.augmented_star_gene_counts,TCGA-PCPG
d3606950-18e0-4416-a56e-d64587804c85.rna_seq.augmented_star_gene_counts,TCGA-PCPG
5228b46f-5557-4e65-81fd-60eb8f985cd5.rna_seq.augmented_star_gene_counts,TCGA-PCPG
0d754b4c-e2fb-408d-ac21-3eb65ada4a53.rna_seq.augmented_star_gene_counts,TCGA-PCPG
50b7305d-ae41-42b1-a971-126f1f9f7f54.rna_seq.augmented_star_gene_counts,TCGA-PCPG
dc53ae2b-8a27-4b1f-9ce8-7b442cebe975.rna_seq.augmented_star_gene_counts,TCGA-PCPG
7041272e-7921-42c4-9999-f074687064ec.rna_seq.augmented_star_gene_counts,TCGA-PCPG
8221ca36-ef43-4a28-bb68-10383ad8c91d.rna_seq.augmented_star_gene_counts,TCGA-PCPG
5baf865e-f290-4767-aa10-f0e6211fe613.rna_seq.augmented_star_gene_counts,TCGA-PCPG
61521469-c55e-49b5-ab7b-66cb6c40986d.rna_seq.augmented_star_gene_counts,TCGA-PCPG
26742257-2f18-41bc-bb3e-7ada99176ae8.rna_seq.augmented_star_gene_counts,TCGA-PCPG
a2c280ef-fe2c-4782-9e26-867fb632de8d.rna_seq.augmented_star_gene_counts,TCGA-PCPG
d8f34bc9-1034-4532-bd37-2b876acdc897.rna_seq.augmented_star_gene_counts,TCGA-PCPG
ad1459ad-6b62-4f24-b5af-7f26ec83eeb7.rna_seq.augmented_star_gene_counts,TCGA-PCPG
9fd349c7-dfa6-4d01-afe4-668dfec8ad22.rna_seq.augmented_star_gene_counts,TCGA-PCPG
4500fe09-1523-428f-8a58-9f8b37194c2e.rna_seq.augmented_star_gene_counts,TCGA-PCPG
efee25a9-e506-4c9e-92ba-ff263fb0a7e6.rna_seq.augmented_star_gene_counts,TCGA-PCPG
c223496f-c387-4db5-8dcc-41b95da31ea8.rna_seq.augmented_star_gene_counts,TCGA-PCPG
bd2d372d-b32b-405f-b07b-aa6b70e4f7be.rna_seq.augmented_star_gene_counts,TCGA-PCPG
57e1846d-f665-455c-9da5-ac913e1d8559.rna_seq.augmented_star_gene_counts,TCGA-PCPG
e2812474-845f-4cad-9f71-b379916cee89.rna_seq.augmented_star_gene_counts,TCGA-PCPG
d91b6bd4-3694-4e1f-80be-c0c887a86b13.rna_seq.augmented_star_gene_counts,TCGA-PCPG
1ef061fb-7621-4bfe-b390-20a4338c56b8.rna_seq.augmented_star_gene_counts,TCGA-PCPG
38446eee-3135-4c14-9bfc-d103b76f6cdd.rna_seq.augmented_star_gene_counts,TCGA-PCPG
9527fded-fa70-4909-98ef-bf0c8cc349ec.rna_seq.augmented_star_gene_counts,TCGA-PCPG
81af3b41-65f3-405b-ad2c-c22c3fefad5a.rna_seq.augmented_star_gene_counts,TCGA-PCPG
f25e6fc0-0d4e-472d-9c89-a851f2d5fb86.rna_seq.augmented_star_gene_counts,TCGA-PCPG
8aad915c-58aa-4708-95e7-68383a593bdc.rna_seq.augmented_star_gene_counts,TCGA-PCPG
bd28a05d-a257-4d66-a714-559ed93f0b4b.rna_seq.augmented_star_gene_counts,TCGA-PCPG
7dc06dc2-300f-4dd5-9483-75ad37bc832d.rna_seq.augmented_star_gene_counts,TCGA-PCPG
e1219d2f-b9e3-4c9d-9d98-46967c82671a.rna_seq.augmented_star_gene_counts,TCGA-PCPG
afb50967-0acb-41ac-9a85-cc4287c0b1ef.rna_seq.augmented_star_gene_counts,TCGA-PCPG
c97610fb-8bbc-4de5-9214-7760e7c972e4.rna_seq.augmented_star_gene_counts,TCGA-PCPG
3433f4e9-1f62-4b76-8542-b4e025754575.rna_seq.augmented_star_gene_counts,TCGA-PCPG
9e54c8d2-ae02-43ba-a43c-44d4085fdd3b.rna_seq.augmented_star_gene_counts,TCGA-PCPG
1cb52ee0-c015-42c4-b67f-8eeb1a7ac7c4.rna_seq.augmented_star_gene_counts,TCGA-PCPG
a3a4c2d1-3e54-43a3-a618-506971d0171e.rna_seq.augmented_star_gene_counts,TCGA-PCPG
efc9da62-60fe-417d-b8a4-c799292361d8.rna_seq.augmented_star_gene_counts,TCGA-PCPG
861daa4f-4e9c-4bf7-92c2-5ac776b81404.rna_seq.augmented_star_gene_counts,TCGA-PCPG
e0b68956-0f93-4f25-87b4-b8538ff3e5a5.rna_seq.augmented_star_gene_counts,TCGA-PCPG
90bd8b48-a05d-464d-9953-4e297e9a3336.rna_seq.augmented_star_gene_counts,TCGA-PCPG
fcf09b24-583a-4a9c-b052-0561c29d9a1a.rna_seq.augmented_star_gene_counts,TCGA-PCPG
76ef4dfd-7412-4b37-b0d7-b4f7b30c59aa.rna_seq.augmented_star_gene_counts,TCGA-PCPG
440f03f1-ef41-4eac-9a4a-355c2e07f265.rna_seq.augmented_star_gene_counts,TCGA-PCPG
8b814851-8b43-40ac-be44-acd4d625b8ca.rna_seq.augmented_star_gene_counts,TCGA-PCPG
54a83f9c-5152-4da8-8f03-cd49bea12204.rna_seq.augmented_star_gene_counts,TCGA-SARC
3cc433bc-750f-4e20-88ed-73d5f9e52c6f.rna_seq.augmented_star_gene_counts,TCGA-SARC
4a04654e-f230-478f-9523-c8ba4d7b6091.rna_seq.augmented_star_gene_counts,TCGA-SARC
d6d922a1-f6ae-4190-be36-0ac1e03f85fa.rna_seq.augmented_star_gene_counts,TCGA-SARC
1378619e-4196-48ec-a823-b1de339ec37b.rna_seq.augmented_star_gene_counts,TCGA-SARC
33c4c223-a5af-410d-a873-59326313c5ee.rna_seq.augmented_star_gene_counts,TCGA-SARC
ed43dc49-ca57-4c57-a06d-8a1dbf3993c5.rna_seq.augmented_star_gene_counts,TCGA-SARC
303b3d44-f71a-4c7a-bae9-1e2b5e875619.rna_seq.augmented_star_gene_counts,TCGA-SARC
477e1ddd-9a50-4f0f-bc8e-141b0f9363a6.rna_seq.augmented_star_gene_counts,TCGA-SARC
d159e5c3-7517-4510-a948-054f8b4a88ef.rna_seq.augmented_star_gene_counts,TCGA-SARC
b178c6ad-bf71-417c-b797-01f4c45a3afa.rna_seq.augmented_star_gene_counts,TCGA-SARC
d6367ba7-ab2f-463f-ab02-576c493e5fc1.rna_seq.augmented_star_gene_counts,TCGA-SARC
11109910-f64e-4c34-b99b-a84657295bfc.rna_seq.augmented_star_gene_counts,TCGA-SARC
46ee6c04-443e-495b-b9d7-ea8f3c50b594.rna_seq.augmented_star_gene_counts,TCGA-SARC
33f7c52f-9c7a-4b5e-a864-d3c65eb1a8cb.rna_seq.augmented_star_gene_counts,TCGA-SARC
35af0e07-3397-4843-9a78-23b33535b8a3.rna_seq.augmented_star_gene_counts,TCGA-SARC
959c6fc3-d893-4e2f-9867-2e58e63da4fb.rna_seq.augmented_star_gene_counts,TCGA-SARC
c46e1adc-5afe-4402-af5f-af47778eebf8.rna_seq.augmented_star_gene_counts,TCGA-SARC
1db3c803-8b6b-4ddf-82ef-96d538495293.rna_seq.augmented_star_gene_counts,TCGA-SARC
658612d1-8cda-4d69-bd7e-7042393451e0.rna_seq.augmented_star_gene_counts,TCGA-SARC
219bfbd2-097b-481f-94f4-b45e2b5922eb.rna_seq.augmented_star_gene_counts,TCGA-SARC
a34df46e-6718-478c-8612-be37a5791f7c.rna_seq.augmented_star_gene_counts,TCGA-SARC
d524c684-9f85-4a97-8c77-a037c17367c6.rna_seq.augmented_star_gene_counts,TCGA-SARC
14ca95e3-ac3e-4bb4-b304-cd43f109553f.rna_seq.augmented_star_gene_counts,TCGA-SARC
2485fa0a-b3e8-4524-8566-d7dd5a423b49.rna_seq.augmented_star_gene_counts,TCGA-SARC
eebd8d7d-4797-4fa2-a0f5-c479ba8c2104.rna_seq.augmented_star_gene_counts,TCGA-SARC
151226ac-c70a-4932-a9a5-9a1c6d06ec1c.rna_seq.augmented_star_gene_counts,TCGA-SARC
09215f3e-278e-431d-be9d-f3c6d56aca0e.rna_seq.augmented_star_gene_counts,TCGA-SARC
d1a8858e-45aa-4af5-a864-47d7a8771502.rna_seq.augmented_star_gene_counts,TCGA-SARC
f4f0b310-a2bf-4b83-bde9-e4883a55047a.rna_seq.augmented_star_gene_counts,TCGA-SARC
d82d2860-588c-4ad9-b3c0-867fc61ab152.rna_seq.augmented_star_gene_counts,TCGA-SARC
9efdcc72-5ab6-4696-922e-7b5c260c76a1.rna_seq.augmented_star_gene_counts,TCGA-SARC
62a39969-0f5d-48f2-9ecd-b6c199f0723e.rna_seq.augmented_star_gene_counts,TCGA-SARC
9365db5a-762a-4e2b-b8a7-7a1e10cc62d2.rna_seq.augmented_star_gene_counts,TCGA-SARC
13e89811-619e-4bc8-91b7-c4d41dc26c48.rna_seq.augmented_star_gene_counts,TCGA-SARC
3677339e-598f-494c-8ca6-3c0341570dec.rna_seq.augmented_star_gene_counts,TCGA-SARC
7ff6a506-88a9-4db0-981d-44ceb0b924d4.rna_seq.augmented_star_gene_counts,TCGA-SARC
59d4607e-766e-44bc-9af3-68f469b0bd4d.rna_seq.augmented_star_gene_counts,TCGA-SARC
a59aa7a4-b3c0-4c91-9776-8ebe8f710ba1.rna_seq.augmented_star_gene_counts,TCGA-SARC
7a68d421-1310-4b1d-b5be-71751cd44f9e.rna_seq.augmented_star_gene_counts,TCGA-SARC
9e6d451d-7e9f-4a3f-87aa-7e9259c8ba56.rna_seq.augmented_star_gene_counts,TCGA-SARC
7814e43b-53ac-4485-bbda-a00b8cdb7734.rna_seq.augmented_star_gene_counts,TCGA-SARC
2ce41ff1-effd-44aa-b1ce-865543e3d160.rna_seq.augmented_star_gene_counts,TCGA-SARC
ffb03af9-5abb-46d5-820b-1e90fe1c06ad.rna_seq.augmented_star_gene_counts,TCGA-SARC
5d9faee2-c374-4734-a104-239f0578890c.rna_seq.augmented_star_gene_counts,TCGA-SARC
0c548b67-ee0e-415b-9abe-3adfa907aa5b.rna_seq.augmented_star_gene_counts,TCGA-SARC
49285c67-b67a-4dd0-9d61-406b204e749d.rna_seq.augmented_star_gene_counts,TCGA-SARC
3a0617d7-2391-44ff-b407-520b16dd57c2.rna_seq.augmented_star_gene_counts,TCGA-SARC
80cc71e5-41f2-48a1-9d91-4dd5d97b8e13.rna_seq.augmented_star_gene_counts,TCGA-SARC
461f68d4-e3c0-474f-9487-11d7d22d5619.rna_seq.augmented_star_gene_counts,TCGA-SARC
5ae92201-6967-4b74-bb81-8319fac72b1e.rna_seq.augmented_star_gene_counts,TCGA-SARC
d776b2ab-5750-439e-a6f0-8e5b945438c3.rna_seq.augmented_star_gene_counts,TCGA-SARC
b6a1af60-1aff-47cf-a983-d3146dc293fd.rna_seq.augmented_star_gene_counts,TCGA-SARC
0b6f9291-f415-4115-b79f-1b1312794341.rna_seq.augmented_star_gene_counts,TCGA-SARC
8c3d734b-1fba-41e3-ac3e-240afeef43b3.rna_seq.augmented_star_gene_counts,TCGA-SARC
0a72d33c-2513-4472-810f-d3c56f34101e.rna_seq.augmented_star_gene_counts,TCGA-SARC
07a8cc94-707a-453f-a34d-97cbb79e6523.rna_seq.augmented_star_gene_counts,TCGA-SARC
30cbb48b-d8c4-4846-b4d2-c3f5764a12fa.rna_seq.augmented_star_gene_counts,TCGA-SARC
94dcead6-4b21-4551-8131-056255764af2.rna_seq.augmented_star_gene_counts,TCGA-SARC
bc261dd7-70bd-45dc-b979-d631363ea498.rna_seq.augmented_star_gene_counts,TCGA-SARC
e7ed5392-da94-468a-8565-917189e12f2e.rna_seq.augmented_star_gene_counts,TCGA-SARC
204b4c83-bba2-48bd-9c13-61a346f26b01.rna_seq.augmented_star_gene_counts,TCGA-SARC
43e645e3-3d6a-42c4-ab0e-eaa930fb332c.rna_seq.augmented_star_gene_counts,TCGA-SARC
323cb777-7ac4-4bb2-b417-f4f8c2a7200a.rna_seq.augmented_star_gene_counts,TCGA-SARC
6a4d63d9-8a15-473e-80f4-d11242530d96.rna_seq.augmented_star_gene_counts,TCGA-SARC
4c4bf17d-7fc4-4c97-aa93-bd076d311d66.rna_seq.augmented_star_gene_counts,TCGA-SARC
50c3598b-ad7c-403c-bf29-24bffb83651f.rna_seq.augmented_star_gene_counts,TCGA-SARC
8ecde29f-4330-44be-a062-7e8be94a037c.rna_seq.augmented_star_gene_counts,TCGA-SARC
d0e06eac-e98c-4b6c-af28-900882579f2a.rna_seq.augmented_star_gene_counts,TCGA-SARC
7383c625-5ca5-487a-a4df-cf025ee14d32.rna_seq.augmented_star_gene_counts,TCGA-SARC
f9585e77-53fd-4136-8370-684d5f67603e.rna_seq.augmented_star_gene_counts,TCGA-SARC
903bad96-e2c3-4339-832f-87bb2e4c5802.rna_seq.augmented_star_gene_counts,TCGA-SARC
62eaa0d0-5dfe-4e74-814e-d43a4ebef19a.rna_seq.augmented_star_gene_counts,TCGA-SARC
ecbf1dc8-8bf2-4d25-90e8-564f442c98d7.rna_seq.augmented_star_gene_counts,TCGA-SARC
45efdc43-0925-4980-aa5f-94d30bf73208.rna_seq.augmented_star_gene_counts,TCGA-SARC
dc331183-2017-4979-a080-b10ce3ce4c7e.rna_seq.augmented_star_gene_counts,TCGA-SARC
f7d7d34c-4694-4662-b7fd-be887bdc9697.rna_seq.augmented_star_gene_counts,TCGA-SARC
aef45e03-b0a9-43ed-9d89-1bcec96ada5a.rna_seq.augmented_star_gene_counts,TCGA-SARC
178d64ef-e441-4280-9cff-ecc0987f2603.rna_seq.augmented_star_gene_counts,TCGA-SARC
e1acdc3b-522d-48b1-985f-3ab7292bbe4e.rna_seq.augmented_star_gene_counts,TCGA-SARC
a7400b7d-094a-4148-b97e-eea0ad3eff5a.rna_seq.augmented_star_gene_counts,TCGA-SARC
5fdbbbb1-3a95-44b6-ba85-0a2f86114fc0.rna_seq.augmented_star_gene_counts,TCGA-SARC
6008ff0b-cb5b-4b7d-a438-dfa992f224a8.rna_seq.augmented_star_gene_counts,TCGA-SARC
759a476c-94db-4be9-be54-267e733d7136.rna_seq.augmented_star_gene_counts,TCGA-SARC
fcec5c6d-e5d3-45a9-b99e-bbbaea39b8c3.rna_seq.augmented_star_gene_counts,TCGA-SARC
d7a15e3e-e8fc-4798-8bb8-e48f32ec7f68.rna_seq.augmented_star_gene_counts,TCGA-SARC
52860698-dc9e-41bd-adbd-d427a72d81c7.rna_seq.augmented_star_gene_counts,TCGA-SARC
0916a18c-2f0f-4b7c-8570-ac8931a16c33.rna_seq.augmented_star_gene_counts,TCGA-SARC
ab72317d-9a17-4e0b-8c82-b970f6c98fa3.rna_seq.augmented_star_gene_counts,TCGA-SARC
490700e9-fc4f-4548-8ea5-8e2b9dd22010.rna_seq.augmented_star_gene_counts,TCGA-SARC
829cbc0d-7898-48b6-b6ba-48a47d0f4ccf.rna_seq.augmented_star_gene_counts,TCGA-SARC
cd71a1ed-c28e-4832-a173-4ae907b8a240.rna_seq.augmented_star_gene_counts,TCGA-SARC
6ad95fa5-b60a-48ba-b1c5-8907326ce53c.rna_seq.augmented_star_gene_counts,TCGA-SARC
6c551199-3c5b-4365-8510-46710e960819.rna_seq.augmented_star_gene_counts,TCGA-SARC
e7b81a69-7f24-4f81-a006-cffc9bf3fd8e.rna_seq.augmented_star_gene_counts,TCGA-SARC
ab324d27-f3fd-4f35-99b9-76099c8a7d0b.rna_seq.augmented_star_gene_counts,TCGA-SARC
10956a5c-ff2c-4c4b-9fcc-a634668f7988.rna_seq.augmented_star_gene_counts,TCGA-SARC
b7ebf1e6-862c-419b-8cdc-33ddb5814c91.rna_seq.augmented_star_gene_counts,TCGA-SARC
7099f710-e5d8-422e-a7c3-4dd513941552.rna_seq.augmented_star_gene_counts,TCGA-SARC
1ef19de4-2416-4852-ba66-76854ed9d748.rna_seq.augmented_star_gene_counts,TCGA-SARC
5f69833b-b0c5-4d6e-9d71-381c555557d7.rna_seq.augmented_star_gene_counts,TCGA-SARC
d8875678-60f3-4998-8455-e7d877eeb8a5.rna_seq.augmented_star_gene_counts,TCGA-SARC
e1b58888-05ab-4b67-a35e-27df791626c1.rna_seq.augmented_star_gene_counts,TCGA-SARC
2c0edbe3-1432-4a83-8906-ebea48790d7f.rna_seq.augmented_star_gene_counts,TCGA-SARC
b46cefa9-8c2b-401b-845b-d58101807cbd.rna_seq.augmented_star_gene_counts,TCGA-SARC
fd380503-86ec-40f2-973b-e8ca18e22e19.rna_seq.augmented_star_gene_counts,TCGA-SARC
27b1c0c5-931d-410f-964f-8f0dcbec785d.rna_seq.augmented_star_gene_counts,TCGA-SARC
f1105d35-2d57-43bb-998a-538ac0718233.rna_seq.augmented_star_gene_counts,TCGA-SARC
aad84d92-e1da-4de9-a35c-1c99585341b6.rna_seq.augmented_star_gene_counts,TCGA-SARC
2da56f78-6a21-4de6-a5e3-8abfb6e2d418.rna_seq.augmented_star_gene_counts,TCGA-SARC
3dcc3841-21f9-4434-84ef-6d12f60967af.rna_seq.augmented_star_gene_counts,TCGA-SARC
a51683df-e7cb-4c81-b0ff-d7d8ae08e113.rna_seq.augmented_star_gene_counts,TCGA-SARC
f7fe6797-9e1a-4b0d-a7bd-e18c28383850.rna_seq.augmented_star_gene_counts,TCGA-SARC
c3a3d352-1555-4ca3-bbb9-282830219d17.rna_seq.augmented_star_gene_counts,TCGA-SARC
380689c7-524b-4d73-80a9-3f07e8459ac1.rna_seq.augmented_star_gene_counts,TCGA-SARC
48b1935e-751d-45b1-a3a7-721716c44066.rna_seq.augmented_star_gene_counts,TCGA-SARC
fe575195-38f5-4ffa-806b-1ec61562b43d.rna_seq.augmented_star_gene_counts,TCGA-SARC
bd6ba2eb-198d-452f-9cb2-b8b79ff09275.rna_seq.augmented_star_gene_counts,TCGA-SARC
f860b98e-e4cf-45d5-848e-a74ab81bd19a.rna_seq.augmented_star_gene_counts,TCGA-SARC
c31695af-4600-4eeb-8c68-efc98ec19e8f.rna_seq.augmented_star_gene_counts,TCGA-SARC
4d2236a8-cde8-4fe1-80ca-24c051407da0.rna_seq.augmented_star_gene_counts,TCGA-SARC
a00ca4f8-2855-4653-8cee-81738f40ef4c.rna_seq.augmented_star_gene_counts,TCGA-SARC
af58b4eb-da2f-411f-962a-8deb731c7f74.rna_seq.augmented_star_gene_counts,TCGA-SARC
e7b47251-c649-4779-a881-83bf048b52ee.rna_seq.augmented_star_gene_counts,TCGA-SARC
fc746489-3cdd-440a-be5d-34a8ad85f474.rna_seq.augmented_star_gene_counts,TCGA-SARC
910dda73-362c-43e2-b3db-1a970c316000.rna_seq.augmented_star_gene_counts,TCGA-SARC
e5e00619-a18a-4039-be25-74e8e6ca7420.rna_seq.augmented_star_gene_counts,TCGA-SARC
e265b64c-39c9-41e7-a5fc-08cf0bf3fae7.rna_seq.augmented_star_gene_counts,TCGA-SARC
2d591d26-142e-438e-b731-02d757a9bbc2.rna_seq.augmented_star_gene_counts,TCGA-SARC
37ca9503-d056-40b8-9725-2a613bb74d8e.rna_seq.augmented_star_gene_counts,TCGA-SARC
54856284-014a-436c-8ad9-d371d7201c4e.rna_seq.augmented_star_gene_counts,TCGA-SARC
68ef04e1-d5ba-4338-b2f3-5c116569e95a.rna_seq.augmented_star_gene_counts,TCGA-SARC
d81ad264-0c65-45bc-8394-fd24832737bb.rna_seq.augmented_star_gene_counts,TCGA-SARC
545a36e1-8c4b-4f51-a27b-c48456f2eb4c.rna_seq.augmented_star_gene_counts,TCGA-SARC
8cd6627b-d32b-41b7-9fd5-a931020b3213.rna_seq.augmented_star_gene_counts,TCGA-SARC
db2e38f2-f8fd-4149-abc1-ca8a5a1f44ba.rna_seq.augmented_star_gene_counts,TCGA-SARC
458c8c03-d9d2-4b8a-8d3c-39ae59b813bd.rna_seq.augmented_star_gene_counts,TCGA-SARC
9e5b47bf-fb42-41e2-a135-a17a6eb71f20.rna_seq.augmented_star_gene_counts,TCGA-SARC
98404a70-14a1-4d8f-a4cb-d5a9d2fedb02.rna_seq.augmented_star_gene_counts,TCGA-SARC
63f35347-535a-42ad-9415-90dc6b09d977.rna_seq.augmented_star_gene_counts,TCGA-SARC
2715cda3-22d3-4088-9354-63b7bea6011f.rna_seq.augmented_star_gene_counts,TCGA-SARC
fe997dfc-082b-44ca-8fa5-59ac4f5682c9.rna_seq.augmented_star_gene_counts,TCGA-SARC
0bde5803-0776-4ccc-b846-e6764f24adaa.rna_seq.augmented_star_gene_counts,TCGA-SARC
bbed0a6e-3790-4e40-87a2-ab6ce5600e2e.rna_seq.augmented_star_gene_counts,TCGA-SARC
49e72bf1-a9b4-4554-8d9d-a4068e7a8fea.rna_seq.augmented_star_gene_counts,TCGA-SARC
63df94bf-e0f6-48f7-8a58-c19ad65782e7.rna_seq.augmented_star_gene_counts,TCGA-SARC
1e0b2cd0-4e31-4f12-bd5c-9161a58281cd.rna_seq.augmented_star_gene_counts,TCGA-SARC
b988a5a3-70e6-4d9e-a7a7-7bfe86f59cad.rna_seq.augmented_star_gene_counts,TCGA-SARC
12ffecbe-d932-4f6e-a903-8bb6b021cf54.rna_seq.augmented_star_gene_counts,TCGA-SARC
23d26c7a-d497-47c7-a5b2-2fa14d037243.rna_seq.augmented_star_gene_counts,TCGA-SARC
3cf2abb0-ed8a-4fd3-97d5-6d7899832bc1.rna_seq.augmented_star_gene_counts,TCGA-SARC
c0c6f9a6-ee2f-4d04-9021-8fbfbc94503f.rna_seq.augmented_star_gene_counts,TCGA-SARC
cbe51411-2d2f-4126-8630-98fc391e250a.rna_seq.augmented_star_gene_counts,TCGA-SARC
ab2a645d-322d-46e8-9872-1ecf9ee72891.rna_seq.augmented_star_gene_counts,TCGA-SARC
841359d9-f545-4205-8a90-669d7b7491de.rna_seq.augmented_star_gene_counts,TCGA-SARC
7bda671c-95d4-4f58-8d10-323308710256.rna_seq.augmented_star_gene_counts,TCGA-SARC
3d174fee-a4f6-4d8e-8bc8-0f87c38d6893.rna_seq.augmented_star_gene_counts,TCGA-SARC
8e3ba195-d539-4876-a300-4f5855b145c6.rna_seq.augmented_star_gene_counts,TCGA-SARC
d477e42e-b641-496e-8353-d5091df09c1e.rna_seq.augmented_star_gene_counts,TCGA-SARC
a7eafd67-8ecd-4b4c-92c5-e308554d7d88.rna_seq.augmented_star_gene_counts,TCGA-SARC
8acee882-797c-4d8d-908a-b9117890e4d6.rna_seq.augmented_star_gene_counts,TCGA-SARC
91b12476-6108-450e-af54-d182b5b554dd.rna_seq.augmented_star_gene_counts,TCGA-SARC
f8a47640-9b0f-4d1b-94fd-dacc75fb2e96.rna_seq.augmented_star_gene_counts,TCGA-SARC
51a6a81d-837e-4e0b-9b37-b0c3173ec1d2.rna_seq.augmented_star_gene_counts,TCGA-SARC
fa9b149c-b8a4-49e4-94b3-61ecc6e9d1dd.rna_seq.augmented_star_gene_counts,TCGA-SARC
f5a5de6f-52df-419d-9ea3-27383a6b53a0.rna_seq.augmented_star_gene_counts,TCGA-SARC
0a3dc0f5-18b9-4641-a7f9-e42e33bf2a14.rna_seq.augmented_star_gene_counts,TCGA-SARC
ee8b78b2-a0bd-42cb-a516-96eb5599e95f.rna_seq.augmented_star_gene_counts,TCGA-SARC
319846dc-74b1-4a8b-9ef8-06027b03092d.rna_seq.augmented_star_gene_counts,TCGA-SARC
cb0e559c-12ee-4328-9e55-e4e1f8448956.rna_seq.augmented_star_gene_counts,TCGA-SARC
bc81e175-7bc8-4f39-b9bc-92f8237c77ad.rna_seq.augmented_star_gene_counts,TCGA-SARC
03d51e0c-2f6f-4c5a-a755-c37f52f2cafd.rna_seq.augmented_star_gene_counts,TCGA-SARC
2242b925-b7c5-4420-9cc1-af562a0bafe0.rna_seq.augmented_star_gene_counts,TCGA-SARC
2d63e353-f97d-43dc-b07c-705b583a06a5.rna_seq.augmented_star_gene_counts,TCGA-SARC
f0e41d6c-d029-4593-9e9f-175fc440ac72.rna_seq.augmented_star_gene_counts,TCGA-SARC
571a99f5-56e3-42f7-99b9-f0a80def7570.rna_seq.augmented_star_gene_counts,TCGA-SARC
a9ec0435-a3f0-4801-85f2-25d886904376.rna_seq.augmented_star_gene_counts,TCGA-SARC
56a42dfb-1b30-41df-9fcf-19bd3266687a.rna_seq.augmented_star_gene_counts,TCGA-SARC
fd7280bf-b8d7-436a-a5f7-e3ae29d0e4a1.rna_seq.augmented_star_gene_counts,TCGA-SARC
e62ec8a4-c371-47ec-8194-4932ffdba6d4.rna_seq.augmented_star_gene_counts,TCGA-SARC
a7bec419-7c8d-495d-9cb3-f810ff08c8b4.rna_seq.augmented_star_gene_counts,TCGA-SARC
de4338e5-2dc7-469a-a8fc-460fe85df933.rna_seq.augmented_star_gene_counts,TCGA-SARC
40f39dd0-1c43-4ecc-a4d9-da32d47f9fcc.rna_seq.augmented_star_gene_counts,TCGA-SARC
c9b1259e-841d-4971-a8d9-5e287bebe2e4.rna_seq.augmented_star_gene_counts,TCGA-SARC
fb0cd443-5e32-4933-b8d0-27985f883f6e.rna_seq.augmented_star_gene_counts,TCGA-SARC
b7a5006c-90bd-4dff-b8df-338ff599862f.rna_seq.augmented_star_gene_counts,TCGA-SARC
725add0b-85a3-4a47-ba37-7b8e58064c58.rna_seq.augmented_star_gene_counts,TCGA-SARC
1ca97535-07b9-4c33-9bbc-1c0734aa2824.rna_seq.augmented_star_gene_counts,TCGA-SARC
02e2efbf-cd56-48de-8106-dee44354b184.rna_seq.augmented_star_gene_counts,TCGA-SARC
2e2c77d1-cd34-473a-b3ed-b326a57e7b75.rna_seq.augmented_star_gene_counts,TCGA-SARC
eac71dee-8ad1-43d1-9207-fc1060c67ff4.rna_seq.augmented_star_gene_counts,TCGA-SARC
95807a50-5164-4675-bc16-8adf1d07fc8c.rna_seq.augmented_star_gene_counts,TCGA-SARC
4bc078e8-e39d-4e54-8209-5ce8ec7b7840.rna_seq.augmented_star_gene_counts,TCGA-SARC
2eff70d4-ab32-47c4-b5b0-8941e5b5a598.rna_seq.augmented_star_gene_counts,TCGA-SARC
7388a63c-9696-4630-af15-e01513340a70.rna_seq.augmented_star_gene_counts,TCGA-SARC
5088af66-9478-445a-b884-e8c14a11b83f.rna_seq.augmented_star_gene_counts,TCGA-SARC
423d5c76-ef6b-4922-bb96-27bc9b9a6146.rna_seq.augmented_star_gene_counts,TCGA-SARC
8085d691-eaee-4327-83ca-bd6f5a98fa99.rna_seq.augmented_star_gene_counts,TCGA-SARC
e19a93d9-667c-4189-a339-026bc944fb99.rna_seq.augmented_star_gene_counts,TCGA-SARC
04800473-f727-4923-a231-e0b20f0558f6.rna_seq.augmented_star_gene_counts,TCGA-SARC
c6ca7cbb-2be2-4abb-9b66-04069fe6690f.rna_seq.augmented_star_gene_counts,TCGA-SARC
38b72b2d-01ba-4ef3-82e2-f80b3265f6ad.rna_seq.augmented_star_gene_counts,TCGA-SARC
71ecb38f-c270-4b64-a13f-dac55838844f.rna_seq.augmented_star_gene_counts,TCGA-SARC
9f9a0df0-55d0-4156-a8f3-887aa35bec2f.rna_seq.augmented_star_gene_counts,TCGA-SARC
d243020d-c8eb-49fe-bd92-e1c622a5382e.rna_seq.augmented_star_gene_counts,TCGA-SARC
c060d2ba-280c-48a3-b2e1-487d85790c4b.rna_seq.augmented_star_gene_counts,TCGA-SARC
0c389e19-e3fb-4345-a754-6267912ea70d.rna_seq.augmented_star_gene_counts,TCGA-SARC
dc69718f-e389-406d-b59b-089057fa6679.rna_seq.augmented_star_gene_counts,TCGA-SARC
658b63fd-0a0d-448b-9ff1-5013b0d61ef8.rna_seq.augmented_star_gene_counts,TCGA-SARC
bce2a059-0a75-4106-a768-39584ac9d855.rna_seq.augmented_star_gene_counts,TCGA-SARC
9bfa4486-3b37-4ef8-9b25-61158658e6ca.rna_seq.augmented_star_gene_counts,TCGA-SARC
54044b5f-4cca-48f1-b0e0-340f6e7dff1e.rna_seq.augmented_star_gene_counts,TCGA-SARC
7f4d714a-728a-4c11-b77c-d524df0281fe.rna_seq.augmented_star_gene_counts,TCGA-SARC
5c0a368d-18a5-427a-9e6c-ea7afff3cbdd.rna_seq.augmented_star_gene_counts,TCGA-SARC
492fd01c-2a0d-4d00-a4a4-bdfe27d36742.rna_seq.augmented_star_gene_counts,TCGA-SARC
9072ce75-a6e8-424c-9633-68880fb5d441.rna_seq.augmented_star_gene_counts,TCGA-SARC
b7200fba-1d9e-4337-8105-dddb9074e29b.rna_seq.augmented_star_gene_counts,TCGA-SARC
a8c98035-15f9-4ca8-9fd1-6918c978fb76.rna_seq.augmented_star_gene_counts,TCGA-SARC
241021f0-a762-452e-bd15-4550d98ae93e.rna_seq.augmented_star_gene_counts,TCGA-SARC
0d005c0b-3d68-43d2-ad8d-beb9f1328b37.rna_seq.augmented_star_gene_counts,TCGA-SARC
bf6981c0-7cb3-4370-9ca4-97b939533c8b.rna_seq.augmented_star_gene_counts,TCGA-SARC
40aef268-f856-44be-b886-04ae0c72b54c.rna_seq.augmented_star_gene_counts,TCGA-SARC
33450ab2-7748-4ef7-b83b-2ed3de7104d3.rna_seq.augmented_star_gene_counts,TCGA-SARC
1418c12d-e57a-4ace-bd8a-32b1f15c56e2.rna_seq.augmented_star_gene_counts,TCGA-SARC
d019b4cf-75c8-4eb7-b344-8e44aaea29c0.rna_seq.augmented_star_gene_counts,TCGA-SARC
29d4d9cd-285f-46d7-a659-1eb2cdc5ee86.rna_seq.augmented_star_gene_counts,TCGA-SARC
66f3a0b4-0702-4a27-8711-e434bcb68935.rna_seq.augmented_star_gene_counts,TCGA-SARC
e70b6da9-d0d7-4dfa-8956-508d8293b4ad.rna_seq.augmented_star_gene_counts,TCGA-SARC
c20abb77-a696-4df4-b673-c2d99e765963.rna_seq.augmented_star_gene_counts,TCGA-SARC
706db449-7dce-48ba-85cf-786add750631.rna_seq.augmented_star_gene_counts,TCGA-SARC
dbc0c8b7-12a4-4887-9ae6-d3fd76c6338e.rna_seq.augmented_star_gene_counts,TCGA-SARC
7ebf770f-f8f9-423e-afa6-10f52201be85.rna_seq.augmented_star_gene_counts,TCGA-SARC
0cb31d88-d149-4033-819f-a4b030852efc.rna_seq.augmented_star_gene_counts,TCGA-SARC
ba674556-bd06-4ad1-b873-74f3f4491c1e.rna_seq.augmented_star_gene_counts,TCGA-SARC
09289641-20ec-4f7c-ba72-3c02b9e6b285.rna_seq.augmented_star_gene_counts,TCGA-SARC
bbfc820d-bc32-4816-8ccf-a0b24eb7097c.rna_seq.augmented_star_gene_counts,TCGA-SARC
d4feb535-fd31-4b22-b3dd-3db99227a658.rna_seq.augmented_star_gene_counts,TCGA-SARC
7e083096-3209-4f5b-a8df-6b6c7cadd2f4.rna_seq.augmented_star_gene_counts,TCGA-SARC
a9132e93-c833-4d4a-9eac-309f9db438ef.rna_seq.augmented_star_gene_counts,TCGA-SARC
5d22a34b-7ee2-4d75-baf5-09ec2d99c5a9.rna_seq.augmented_star_gene_counts,TCGA-SARC
3111638f-e826-40aa-8f07-484ba9bf9998.rna_seq.augmented_star_gene_counts,TCGA-SARC
6090ecaa-6910-4740-8582-c6438581097c.rna_seq.augmented_star_gene_counts,TCGA-SARC
b7ac9da3-7fbe-4618-a852-8d614cabd9aa.rna_seq.augmented_star_gene_counts,TCGA-SARC
b033ac56-6f16-4379-ab54-f3b75ece77ff.rna_seq.augmented_star_gene_counts,TCGA-SARC
7adc764d-9ed6-401c-8ad0-8a520feefd91.rna_seq.augmented_star_gene_counts,TCGA-SARC
4160b4a5-e62e-40fa-aa8f-7e87c6e3c783.rna_seq.augmented_star_gene_counts,TCGA-SARC
38a95d74-a928-40b3-9856-9bef8c77b7f7.rna_seq.augmented_star_gene_counts,TCGA-SARC
46d6b77c-0796-46f1-9c2d-f67f2a343e22.rna_seq.augmented_star_gene_counts,TCGA-SARC
a9ca32c0-ef12-4916-b83a-ba64c80f2ba6.rna_seq.augmented_star_gene_counts,TCGA-SARC
6d1989dc-922b-4b6e-bf2a-662ee16a3725.rna_seq.augmented_star_gene_counts,TCGA-SARC
bf09de24-29df-49ce-8fb2-d583b1ade20f.rna_seq.augmented_star_gene_counts,TCGA-SARC
a4317c1e-b564-46ab-8a90-d45cbd77a2d3.rna_seq.augmented_star_gene_counts,TCGA-SARC
29ae98e2-a686-4de5-946c-b0f0f839cd5e.rna_seq.augmented_star_gene_counts,TCGA-SARC
42aca376-bcbe-486e-ad7e-79e6c2073d41.rna_seq.augmented_star_gene_counts,TCGA-SARC
0cc696ce-2d72-437a-80ba-7be1b7aba09c.rna_seq.augmented_star_gene_counts,TCGA-SARC
31532935-f170-4aff-841d-7922f5752ee6.rna_seq.augmented_star_gene_counts,TCGA-SARC
5a141afd-e054-4f12-8043-9a72bfa4696d.rna_seq.augmented_star_gene_counts,TCGA-SARC
4d95d113-14eb-45f3-9a97-3c6c301fe2a2.rna_seq.augmented_star_gene_counts,TCGA-SARC
b9d9b25f-f6c3-433a-8b3b-1bcc395b2412.rna_seq.augmented_star_gene_counts,TCGA-SARC
